Row,t0,t1,t2,t3,t4
mvgc-lwr,3.58091261428525,2.35657793469344,3003.93455312439,2.68978863533134,3112.32936898773
mvgc-ols,1.33703001709235,3.61841104377773,15081.8935883908,3.15285029946449,16038.8061691017
mvgc-lasso,49.2695610752809,48.1940470207598,1479.4649088613,38.0139672401174,1447.56728850006
mvgc-sbl,1848786.84175499,43303.8474843503,794802.298638107,NaN,882163.327990277
mvgc-lapsbl,437966.693886928,5299.37682731333,177703.743477807,4718.59899972945,210077.463145894
pdc-lwr,95158.5720426752,90705.2588644541,243966.081375094,45700.4211046394,300368.306386799
pdc-ols,78717.1384018695,79572.6672924242,NaN,41158.0566200564,277704.455697789
