Row,t0,t1,t2,t3,t4
mvgc-lwr,5.27750405276994e-14,3.71731888109546,0.000216962242817299,3.2892159505562,1.14345897374531e-13
mvgc-ols,5.65584876486935e-14,7.45386639428362,0.000277313199080525,9.10571187941853,5.71729486872657e-14
mvgc-lasso,0.425294360860381,1.71148220034197e-12,6.43511940275226e-11,4.30850005379109,5.71297855037308e-14
mvgc-sbl,7.21607300832582e-10,0.776705138577855,0.120057615035441,NaN,1.14259571007462e-13
mvgc-lapsbl,8.07182615621908e-10,1.24947934965764,1.17978407084313e-13,2.36640725185846,4.57038284029846e-13
pdc-lwr,0.00557996510493786,2.32591103163663e-09,1.50044504438691e-08,2.36078144209286,6.75841297480495e-13
pdc-ols,3.57657634656897e-09,3.87394714625649e-09,NaN,3.1348634593073,0
