Row,t0,t1,t2,t3,t4
mvgc-lwr,1.27037428604427e-14,0.28340907750999,0.0396862954644657,0.936531319838525,5.33238535333957e-13
mvgc-ols,1.95431936951882e-15,0.775178458628444,0.0892054152078076,1.73248619923254,3.53431134253468e-12
mvgc-lasso,3.11777558406355e-10,9.67443617424294e-13,0.0029634328057038,5.12778453195268,1.17637428316067e-13
mvgc-sbl,5.54094998176805e-06,512.463568510423,2132.80820096066,2000.13768178983,2.60837927088335e-10
mvgc-lapsbl,1.33647164324487e-07,115.151680306277,927.272507989363,1730.79384963675,4.04249264194243e-11
pdc-lwr,595.901002022643,491.334806358975,0.291882979962698,4134.71501294137,7.41422346831657e-11
pdc-ols,380.816427697576,460.654265268556,0.0205501996941548,2581.77823281556,1.07687010863897e-10
