Row,t0,t1,t2,t3,t4
mvgc-lwr,1.05110703219298e-13,3.68013679829743,0.000345385180531658,8.0331054402317,5.71654804684778e-14
mvgc-ols,4.32736913116871e-14,7.26044886499521,0.000170359449791351,8.72481929890239,1.14338343558016e-13
mvgc-lasso,0.122239123020832,2.33676949526958,0.0178482797715922,7.55469846954755,8.56946782555962e-14
mvgc-sbl,1.61419360042914e-10,0.240846656652991,0.109002225454839,0.232980756160444,3.42778713022385e-13
mvgc-lapsbl,2.15826808800303e-11,1.90044207617484,0.272958780999782,12.9542891259043,4.57038284029846e-13
pdc-lwr,0.264385571265609,0.00679244004355786,0.000126975809389991,5.59885258251022,2.28579910302665e-13
pdc-ols,0.0227948840570893,0.0175825406370716,7.9870030488149e-06,3.51621772314901,6.85628098425354e-13
