Row,t0,t1,t2,t3,t4
mvgc-lwr,3.54153663876029e-15,0.276695022278854,0.0249087098487497,1.03287544413166,8.80614458357608e-13
mvgc-ols,2.42543922888553e-15,0.748191504424819,0.133781946896468,1.37852427758103,3.18658988666935e-12
mvgc-lasso,6.50702688766309,2.48308096045369,0.0290160945104604,4.24409922776571,5.88852637333358e-13
mvgc-sbl,2.35020304047444e-05,670.491656833837,7641.56481674806,NaN,1.80656298116917e-10
mvgc-lapsbl,4.64201193031741e-06,113.561597601805,1.53502171100967e-10,308.323334047956,5.3296856701184e-11
pdc-lwr,1.9922916234643e-06,2.49375824320421e-06,1358.36093284246,2340.17088593747,1.15028458434167e-10
pdc-ols,2.90191695685922e-06,3.17225981404019e-06,0.000203151960576941,1810.19267988899,1.43068191813932e-10
