Row,t0,t1,t2,t3,t4
mvgc-lwr,3.6183474776533,2.68762206964415,3204.69076781626,3.71966886573302,3321.90431221258
mvgc-ols,1.44416183403203,4.00205490258248,15606.3840920804,3.78827876822596,16597.220551003
mvgc-lasso,44.8890633355451,42.4705903122825,686.263303555993,37.6531665809932,822.745712132486
mvgc-sbl,1734121.93826735,101367.100513627,762023.572788099,95438.0855729149,834105.623063508
mvgc-lapsbl,373684.570913124,2974.88759485383,197399.548020201,3724.92915149046,226260.216051421
pdc-lwr,109729.675370221,104222.980168741,275936.52580786,61529.5556705387,341539.650087537
pdc-ols,88536.9654838155,88935.6849183766,255877.953366179,56450.5816847524,321332.407900934
