Row,t0,t1,t2,t3,t4
mvgc-lwr,135.358827580871,122.723601833384,355.621000181175,138.383586061165,351.919116539081
mvgc-ols,101.822898752426,131.523570585668,394.780334696325,138.715701222985,391.857288524785
mvgc-lasso,192.771646291292,193.650933038099,292.336870713454,196.248832899834,286.918250266858
mvgc-sbl,901.769478132511,710.676226590261,861.76862887413,NaN,863.294276496842
mvgc-lapsbl,969.357109526214,702.056665885615,920.333580566506,703.713528027135,924.54245111649
pdc-lwr,1293.00580838077,1288.7006776858,1379.63018108993,1234.12665539078,1394.46614428409
pdc-ols,1346.57050550539,1348.57039545501,NaN,1292.56498398897,1464.27137795216
