Row,a1,a2,a3,a4,a5,a6,a7,a8,a9,a10,a11
mvgc-lwr,31.9506721800788,-12.7861702018227,-11.3467275601317,-2.80143366733489,7.61312994572511e-05,-5.58431767911181,-12.8467119296219,-33.8976933530203,2.09143075350437,0.021325549896232,1.62893805545685
mvgc-ols,60.9529601010515,-31.645202129974,-13.6557897210748,-8.70022020869651,7.66299714430375e-05,0.05203743550186,-0.766323346391377,-25.7548929759211,2.71647840704992,-0.329987770958921,1.69191297484755
mvgc-lasso,34.0955462803067,-45.3563406324712,-19.0739919667343,-16.6573043168607,9.12479655993442e-07,-25.9446727119697,-3.33442708440449,-16.6007629655523,3.05038089786174,0.311836473011924,1.59097451582404
mvgc-sbl,6234.51281255571,-2203.25414907232,-1530.9037210391,-1551.60130213061,1.44171828865063e-07,0.00479569362251593,0.0877085394483715,-0.0607781352160735,1.84517166754871,2.35637262955449,0.12267611143408
mvgc-lapsbl,198.889486761833,-7.74976475397982,1.0199766690108e-14,-142.695388186581,5.88634382178361e-06,0.956690435837114,5.11601159415357,0.0861019329637429,2.20276118310953,2.00106954205937,0.144952868965934
pdc-lwr,352.089905461309,0.000865838948908317,-95.4602816113384,-60.9422903096251,4.80777543164906e-05,3.77599809484614,0.102133004809829,0.614806283105329,2.76163964976466,0.108851705981715,1.93275097192588
pdc-ols,195.664554454064,0.000695531920570932,-33.856353092489,-94.9141589940919,0.000104179770143148,3.82852353937349,-1.48856031899158,0.496261937177959,2.77650047334303,-0.0119507546981188,1.88453297651696
