Row,a1,a2,a3,a4,a5
mvgc-lwr,-0.527251709206735,8.7094506486669e-06,2.09767220904764,0.224007404735895,1.63716524206345
mvgc-ols,-0.860287761893369,2.49462752390433e-05,2.77294018756621,-0.260819153161712,1.70841858153276
mvgc-lasso,0.43182473387587,4.36925797859983e-07,4.37491140494291,-0.634843872911794,2.65952116300169
mvgc-sbl,-74.0393720121939,5.60567646254787e-08,2.09601510055837,2.34906265287089,0.142301926031384
mvgc-lapsbl,-26.9097561487414,1.77976921970154e-06,2.03155359260793,2.09782808559107,0.141039377547088
pdc-lwr,49.8707555339221,3.39868096705348e-07,5.2970901968616,-0.110673335120783,1.23685196827237
pdc-ols,52.6231899628129,1.30243343521278e-07,5.33119742501245,0.000278854916487511,1.22672291357658
