Row,a1,a2,a3,a5
mvgc-lwr,-0.748369509827422,4.64357725673827e-05,2.10422952919209,1.64221850576154
mvgc-ols,-0.54270489381163,2.80452611263616e-06,2.74315394928555,1.71037877342662
mvgc-lasso,0.338846610019727,7.21772391584086e-06,3.10460533615339,1.57513454624536
mvgc-sbl,228.587371077883,0.0120956149212872,2.81539685319295,0.932078095226526
mvgc-lapsbl,102.195009186906,0.136926578954264,2.84878321863695,0.415221415457903
pdc-lwr,35.2222961986875,1.12298667545114e-06,4.81400227446071,1.19070132051426
pdc-ols,69.9637049455938,4.11763937746407e-08,5.54329840502527,1.34580162085654
