Row,a1,a2,a3,a4,a5
mvgc-lwr,-0.528103080913691,1.13213104701831e-05,2.10172685352216,0.187020698872635,1.63983485590625
mvgc-ols,-0.905358822088252,3.04708280722756e-05,2.74098318430889,-0.265660179250085,1.7092840323972
mvgc-lasso,0.551559179105545,9.46333764917132e-07,3.03628559422255,0.321773705684221,1.52622771960789
mvgc-sbl,-129.934477294608,6.10802655137516e-07,1.91073407541976,2.10998178064,0.151765566697412
mvgc-lapsbl,-10.7011466438616,7.97503421761295e-07,2.14586140935492,2.16259608908389,0.14098051657394
pdc-lwr,80.2194912506379,2.52412145902116e-08,5.54565114162018,0.0716679423177189,1.3505367185227
pdc-ols,71.653981410746,3.48089608523337e-08,5.57952031718807,0.00214826005989012,1.35336127406889
