Row,a1,a2,a3,a4,a5,a6,a7
mvgc-lwr,-1804.63192922228,0.0928169405297182,-2239.42452922803,3994.02510451823,1.46926740500891,0.00130056950216976,0.00674329909682526
mvgc-ols,-8470.63496941749,0.0200168386148006,-7937.3706102438,16335.9046677306,1.90062415417799,0.0008327403962233,0.00284026867856661
mvgc-lasso,-54.6285111191027,0.199599228334324,-0.157367069416697,7.43327156603257,1.58590580999603,-6.82165127840878,0.690814672114235
mvgc-sbl,-1478.14064450887,0.646046195033788,7.49428974993956e-05,36.4323263289704,2.38859935685922,2.31257340016435,0.851212640408568
mvgc-lapsbl,-800.377272780092,4.21183628742295,7.83546248251764e-07,0.165727675303379,2.04803540400595,2.99134137626161,2.18054391679426
pdc-lwr,-1723.25301974552,0.0128042827560029,1434.68082919259,0.041688200075724,3.1786518361491,0.00294693179478884,2.48676506008337
pdc-ols,NaN,NaN,NaN,NaN,NaN,NaN,NaN
