Row,a1,a2,a3,a4
mvgc-lwr,-38.5662970961424,1.15441344053775,-0.000860939739340472,1.27631836938763
mvgc-ols,-75.7398633883014,2.47849574271657,-0.00311203531805577,1.98404908005254
mvgc-lasso,-58.7433254869271,2.17532038376546,0.00285945351473754,1.87979867154679
mvgc-sbl,-3489.14986427807,97.7806973404427,2.00120046964856,20.3448193313908
mvgc-lapsbl,-2442.35956458331,121.760678204767,1.83143168058931,9.89761385022184
pdc-lwr,-765.010515271122,41.5741061290441,-0.0054197478913957,14.4782603205633
pdc-ols,-778.749749083585,41.1895730949026,-0.000498841341920693,14.4291408945357
