Row,a1,a2,a3,a4,a5,a6,a7
mvgc-lwr,-2366.81628045261,0.110766781936828,-2242.14996400383,4551.30177246555,1.43557605110856,0.00106289661125095,0.00620993462696722
mvgc-ols,-9913.15584091648,0.0228608575301808,-9797.23823694047,19648.3790243215,1.87587182074045,0.000866666335487249,0.00245628420123519
mvgc-lasso,-57.0742925694863,0.140129398078994,1.81834707271508e-10,14.4096221698883,1.61351894600426,3.16135873289366,0.466681558249197
mvgc-sbl,-1631.66260010605,0.765747202050783,0.000177264626214237,78.9379382673914,2.34168838762211,2.20194618950588,0.687046169845606
mvgc-lapsbl,-1153.13027166545,1.61388967484888,0.00597507708222853,31.5874897052649,2.37446430321398,1.77661318074074,0.736297565253573
pdc-lwr,-3601.27863166569,0.00921761891453012,3108.88631802338,0.0141652736354678,3.26867850163728,0.0102998648482848,2.80790426194157
pdc-ols,-1966.0084107808,0.0101379589410629,1643.84814695424,0.00434437884058444,3.24369667622501,0.0047618506765957,3.10109352340787
