Row,a1,a2,a3,a4
mvgc-lwr,-40.1093544343522,1.15546175546352,-0.000689436950873076,1.31004438552835
mvgc-ols,-75.2072468034691,2.47713864284846,-0.00333503056786695,2.02533773906345
mvgc-lasso,-45.6286804394831,1.7521553566363,0.00323624853128706,1.27821606461295
mvgc-sbl,-3472.07852929304,98.4726821853529,1.96208158646699,21.3100268848713
mvgc-lapsbl,-2407.59125372092,125.229993435288,1.74705812956666,9.94753669890492
pdc-lwr,-906.086371723714,43.2730722821764,0.0243489601629663,16.4590395273984
pdc-ols,-844.48904419774,42.5321078293819,0.00211443314430019,16.0849554066058
