Row,a1,a2,a3,a4,a5,a6,a7,a8,a9,a10,a11
mvgc-lwr,33.0400361824047,-16.9159742746704,-17.6381906602051,-2.42691388865541,3.43359396066023e-05,-16.3295052952326,0.877592037951509,-11.1372957911985,2.09047137281929,0.087149485179977,1.63279530046795
mvgc-ols,62.1767819855994,-25.6540692190648,-15.0237194632366,-17.6616888589802,5.56937565131628e-05,-10.5130090652459,-5.50161092301773,-12.0009572773848,2.75537947961704,-0.301242236555686,1.69672906172856
mvgc-lasso,68.0475734002328,-48.4988392373306,-31.4611965936705,-5.29592857708771,3.07122554983012e-06,-7.08124697479608,0.034090380837957,-14.0774660366898,3.50477155999387,-0.116737695165574,2.01399702921614
mvgc-sbl,NaN,NaN,NaN,NaN,NaN,NaN,NaN,NaN,NaN,NaN,NaN
mvgc-lapsbl,2460.24384959124,-923.989910578567,-529.140139448667,-680.860956751101,8.01601596622203e-07,-0.0167490682231617,0.0737782272230449,0.0117989649985671,2.04034331332127,2.24720543202479,0.146394011423866
pdc-lwr,216.716808510253,0.000815863665701327,-21.564277964411,-127.738354036373,2.45929325545941e-05,3.79700472448212,-9.66786862947348,0.342656574853206,3.2924104779382,-0.165437751916553,2.06098548591158
pdc-ols,198.381968948342,0.000720144243200075,19.6360350005803,-131.695601884797,2.38264638828049e-05,3.81788429948813,-4.63456310908188,0.361788289018676,3.09765698779374,-0.0133596453951369,1.94453880535693
