Row,a1,a2,a3,a5
mvgc-lwr,-0.82053959367667,4.7884440678164e-05,2.10029178975883,1.63957183677189
mvgc-ols,-0.485134090658774,2.37322662483093e-06,2.77530724683266,1.70965187023582
mvgc-lasso,0.744789849095527,1.6777928542382e-06,3.34192562930524,1.85002786307237
mvgc-sbl,250.182029336613,0.00471519952689051,3.06002102595809,0.962226739113749
mvgc-lapsbl,21.8764383836631,1.15320509626536,2.24269060860516,0.268782740376705
pdc-lwr,45.746321265249,2.85779143599797e-07,5.17403300161145,1.18598027725364
pdc-ols,52.6221245233137,1.30499097414164e-07,5.33118190502032,1.22671787023935
